,destiny,rejected
0,Afghanistan,243.0
1,Japan,35442.0
2,Lithuania,1609.0
3,Guinea-Bissau,302.0
4,Syrian Arab Rep.,14249.0
5,Antigua and Barbuda,0.0
6,Libya,1115.0
7,Serbia and Kosovo (S/RES/1244 (1999)),683.0
8,Estonia,405.0
9,Eritrea,89.0
10,Côte d'Ivoire,2602.0
11,Barbados,0.0
12,Romania,14913.0
13,Guadeloupe,0.0
14,Germany,830808.0
15,Australia,134947.0
16,Mexico,5171.0
17,Cayman Islands,243.0
18,Tuvalu,0.0
19,Ireland,83251.0
20,"China, Macao SAR",7.0
21,Malaysia,15735.0
22,Russian Federation,33212.0
23,Malta,8484.0
24,Ghana,680.0
25,Bahamas,443.0
26,Senegal,2576.0
27,Colombia,1067.0
28,Trinidad and Tobago,134.0
29,Holy See (the),0.0
30,Tajikistan,2991.0
31,New Caledonia,0.0
32,Georgia,1356.0
33,Niger,331.0
34,Turkmenistan,725.0
35,Togo,631.0
36,Various/Unknown,0.0
37,Turkey,19438.0
38,Mozambique,1099.0
39,Bolivia (Plurinational State of),175.0
40,Denmark,52827.0
41,Ecuador,70572.0
42,United Rep. of Tanzania,964.0
43,Tibetan,0.0
44,Lebanon,13439.0
45,Cambodia,2132.0
46,British Virgin Islands,0.0
47,Oman,7.0
48,Anguilla,0.0
49,United Arab Emirates,468.0
50,Namibia,1067.0
51,Palestinian,0.0
52,Aruba,4.0
53,Poland,51793.0
54,Azerbaijan,4229.0
55,Kazakhstan,1289.0
56,Iran (Islamic Rep. of),147970.0
57,Andorra,0.0
58,Grenada,0.0
59,Marshall Islands,0.0
60,Guyana,0.0
61,Bulgaria,8427.0
62,Tunisia,991.0
63,Finland,28541.0
64,New Zealand,14532.0
65,Norfolk Island,0.0
66,Burundi,12168.0
67,Dominican Rep.,387.0
68,Slovenia,3778.0
69,Norway,172514.0
70,Iceland,1096.0
71,Jordan,11967.0
72,Sri Lanka,1126.0
73,Guinea,2195.0
74,Belize,58.0
75,Saint Kitts and Nevis,6.0
76,Kiribati,0.0
77,Saint-Pierre-et-Miquelon,0.0
78,American Samoa,0.0
79,Cabo Verde,0.0
80,Bangladesh,169.0
81,Latvia,608.0
82,Hungary,32513.0
83,Uganda,20183.0
84,Angola,1493.0
85,Uzbekistan,746.0
86,Saint Lucia,4.0
87,Chad,843.0
88,Sudan,7925.0
89,Nepal,795.0
90,French Guiana,0.0
91,Martinique,0.0
92,Somalia,2527.0
93,Papua New Guinea,274.0
94,San Marino,0.0
95,Indonesia,2803.0
96,Tonga,1.0
97,Yemen,5730.0
98,Montserrat,0.0
99,Central African Rep.,2465.0
100,Mauritius,0.0
101,Kyrgyzstan,1953.0
102,Jamaica,15.0
103,Bahrain,24.0
104,China,764.0
105,Venezuela (Bolivarian Republic of),20309.0
106,Portugal,645.0
107,Canada,184196.0
108,Sweden,439745.0
109,Svalbard and Jan Mayen,0.0
110,Malawi,4394.0
111,Turks and Caicos Islands,7.0
112,Kenya,26056.0
113,Costa Rica,12963.0
114,Armenia,390.0
115,Croatia,2094.0
116,The former Yugoslav Republic of Macedonia,745.0
117,Gabon,1861.0
118,Liechtenstein,561.0
119,Rep. of Korea,12638.0
120,Lao People's Dem. Rep.,3.0
121,Timor-Leste,26.0
122,India,11872.0
123,Italy,262601.0
124,United Kingdom,795869.0
125,Madagascar,1.0
126,Seychelles,0.0
127,Mongolia,9.0
128,French Polynesia,0.0
129,Myanmar,0.0
130,Western Sahara,0.0
131,Netherlands,206901.0
132,Monaco,2.0
133,Congo,2631.0
134,Algeria,5511.0
135,Bhutan,0.0
136,Palau,0.0
137,Austria,125759.0
138,Maldives,0.0
139,Bonaire,0.0
140,Czech Rep.,43878.0
141,Micronesia (Federated States of),41.0
142,Honduras,174.0
143,El Salvador,42.0
144,Sierra Leone,274.0
145,Cameroon,12997.0
146,Dominica,0.0
147,Albania,64.0
148,Rep. of Moldova,786.0
149,Ethiopia,4173.0
150,Sint Maarten (Dutch part),6.0
151,Morocco,9192.0
152,Vanuatu,1.0
153,Curaçao,21.0
154,Nigeria,2294.0
155,Gambia,3.0
156,Pakistan,27547.0
157,Burkina Faso,376.0
158,Bermuda,0.0
159,Swaziland,93.0
160,Dem. People's Rep. of Korea,0.0
161,Dem. Rep. of the Congo,1199.0
162,Viet Nam,0.0
163,Mauritania,2139.0
164,Belarus,1481.0
165,Cook Islands,0.0
166,"China, Hong Kong SAR",7767.0
167,Zambia,2454.0
168,Peru,1201.0
169,Rwanda,1313.0
170,Brazil,6133.0
171,Samoa,0.0
172,Kuwait,542.0
173,Cuba,215.0
174,Paraguay,48.0
175,Suriname,4.0
176,Saint Vincent and the Grenadines,0.0
177,Belgium,194487.0
178,Solomon Islands,0.0
179,Guatemala,109.0
180,Lesotho,0.0
181,Djibouti,1924.0
182,Sao Tome and Principe,0.0
183,Chile,1940.0
184,Israel,9191.0
185,France,1115911.0
186,Uruguay,77.0
187,South Africa,618821.0
188,Montenegro,1568.0
189,Brunei Darussalam,0.0
190,Comoros,0.0
191,Thailand,10961.0
192,Equatorial Guinea,0.0
193,Ukraine,12662.0
194,Wallis and Futuna Islands ,0.0
195,Puerto Rico,0.0
196,Switzerland,170201.0
197,Nicaragua,2.0
198,Stateless,0.0
199,Greece,181829.0
200,Botswana,1481.0
201,South Sudan,139.0
202,Liberia,902.0
203,United States of America,458969.0
204,Argentina,5765.0
205,Gibraltar,0.0
206,Slovakia,6934.0
207,Philippines,44.0
208,Cyprus,45442.0
209,Niue,0.0
210,Fiji,5.0
211,Zimbabwe,1315.0
212,Haiti,2.0
213,Saudi Arabia,638.0
214,Mali,459.0
215,Singapore,53.0
216,Spain,36609.0
217,Iraq,648.0
218,Qatar,78.0
219,Benin,7875.0
220,Egypt,31786.0
221,Luxembourg,15867.0
222,Bosnia and Herzegovina,1576.0
223,Panama,894.0
224,Nauru,341.0
